,mean,std
logP,2.457093002906336,1.4343296761376436
qed,0.7282644882810483,0.13956507456292236
SAS,3.053235235089898,0.8347961254439941
